IDCliente;NaturalezaCliente;Nombre;Direccion;Departamento;Ciudad;IDVendedor
1;F;YONKER Y AUTO REPUESTOS CAMPOS;DESVIO LA BARCA, SANTA RITA ORILLA DE CARRETERA, PRINCIPAL LADO IZQUIERDO,;;SANTA RITA;9
2;F;LUBRICENTRO Y ACC. STA BARBARA;SANTA BARBARA;;SANTA BARBARA;1
3;F;AUTO SERVICIO MAISKA;;;SANTA BARBARA;1
4;F;REPUESTOS BONIN;;;SANTA BARBARA;10
5;F;AUTO SERVICIOS LLACYRE;BARRIO EL JAGUAR, STA BARBARA S.B;SANTA BARBARA;SANTA BARBARA;10
6;J;AUTO REPUESTOS  ARIAS S. DE RL DE C.V.;BARRIO JAGUA CALLE PRINCIPAL 2 CUADRAS AL NORTE HOSPITAL PUBLICO;SANTA BARBARA;SANTA BARBARA;10
7;F;SUPER FRENOS RIVERA;;;SANTA BARBARA;1
8;F;TALLER PERDOMO;;;SANTA BARBARA;10
9;F;REACSA;CALLE PRINCIPAL BARRIO SA JUAN BLVAR, MORAZAN FRENTE AL PARQUE;;SIGUATEPEQUE;1
10;F;REPUESTOS Y ACCESORIOS RODRIGUES SIGUATEPEQUE;CARRETERA PANAMERICA FRENTE A SERVICAR;;SIGUATEPEQUE;10
11;F;REPUESTOS PINEDA;;;SIGUATEPEQUE;1
12;F;REPUESTOS JOSE;;;SIGUATEPEQUE;10
13;F;REPUESTOS MATEO;;;SIGUATEPEQUE;1
14;F;AUTO REPUESTOS SAMSON;;;SIGUATEPEQUE;1
15;F;REPUESTOS Y TALLER LLAMAZARE;;;SIGUATEPEQUE;10
16;F;AUTO REPUESTOS ESTANDAR;SIGUATEPEQUE BARRIO SAN JUAN 10 CALLE 3 Y 4 AVE;COMAYAGUA;SIGUATEPEQUE;10
17;F;REPUESTOS JOHEL;;;COMAYAGUA;1
18;F;REPUESTOS Y TALLER ULLOA;ENTRADA COMAYAGUA ATRAS DE LA GASOLINERA TEXACO;;COMAYAGUA;9
19;F;AUTO REPUESTOS CHAMALE;BARRIO EL TORENDER CONTIGUO A HOTEL IMPERIAL;;COMAYAGUA;10
20;F;TALLER Y REPUESTOS ALONZO;;;COMAYAGUA;1
21;F;AUTO REPUESTOS LA ESPERANZA;BARRIO EL CENTRO CALLE PRINCIPAL;INTIBUCA;LA ESPERANZA;10
22;F;AUTO REPUESTOS JOHAMI;;INTIBUCA;LA ESPERANZA;10
23;J;JAPAN AUTO PARTS;;YORO;PROGRESO;10
24;J;AUTO PAZ SRL DE CV;Bo ABAJO CONTIGO IGLESIA FILADELFIA;INTIBUCA;SANTA BARBARA;10
25;F;REPUESTOS Y FERRETERIA RAUDALES;;;TAULABE;1
26;F;AUTO REPUESTOS CARDONA;BARRIO SA JUAN de ferreteria Zavala 11/2 cuadra al sur Siguatepequ Comayagua;COMAYAGUA;SIGUATEPEQUE;10
27;F;REPUESTOS J.K.B.;;;SIGUATEPEQUE;1
28;F;REAFFI;JUTIAPA ENTRADA PRINCIPAL;;JUTIAPA;2
29;F;REPUESTOS UNIVERSAL;JUTIAPA ATLANTIDA MEDIA CUADRA DEL PUESTE DE HIERRO, CARRETERA BALFATE;;JUTIAPA;9
30;F;SUPER REPUESTOS SONAGUERA;BARRIO EL CENTRO CONTIGUO A CLINICA SANTA ELENA;COLON;SONAGUERA;9
31;F;SERVICIO TECNICO AUTOMOTRIZ;BARRIO ABAJO FRENTE A PULPERIA MILLI;COLON;SONAGUERA;9
32;F;REFADIZ;SONAGUERA CLLE PRINCIPAL BARRIO EL CENTRO;COLON;SONAGUERA;9
33;F;AUTO SERVICIO EL REY;;COLON;SABA;9
35;F;AUTO PARTES OMAR;SABA BARRIO EL COYOL FRENTE ESC FRANCISCO MORAZAN;COLON;SABA;9
36;F;AUTO PARTES DISCOVERY;SABA COLON AVE MORAZAN CONTIGUO CASA DE EMPEÑOS OMAR;COLON;SABA;9
37;F;AUTO PARTES OLANCHITO;BARRIO EL CENTRO ESQUINA OPUESTA CLINICAS OLANCHITO;YORO;OLANCHITO;9
38;F;AUTO FRENOS MILTON;OLANCHITO,CALLE SALIDA A SABA COL PONCE CUADRA Y MEDIA AL SUR DE RADIO CADENA OLANCHITO;YORO;OLANCHITO;9
39;F;AUTO PARTES CARLOS;BARRIO EL CENTRO 2 CALLE CONTIGUO HOTEL SANABRIA MEDIA CUDRA IGLESIA CATOLICA;COLON;TOCOA;9
40;F;AUTO PARTES REYES;COL. LA PISTA FRENTE A PEPSI, PROPIETARIO: WILSON OMAR REYES;COLON;TOCOA;9
41;F;AUTO PARTES SELVIN;COL MIRAFLORES SALIDA TRUJILLO FRENTE COLEGIO DE ABOGADOS;COLON;TOCOA;9
42;F;"LUBRICANTES Y ACCESORIOS  ARNALDO ""S";BARRIO EL CENTRO PLAZA YIGO LOCAL 2 CARRETERA PANAMERICANA;COLON;TOCOA;9
43;F;REPUESTOS MAX;;COLON;TOCOA;1
44;F;REPUESTOS PAREDEZ;;COLON;TOCOA;1
45;F;AUTO REPUESTOS MARCIA;;COLON;TOCOA;9
46;F;REPUESTOS JAVIER;;COLON;TOCOA;1
47;F;PROVEEDORA INDUSTRIAL;BARRIO EL CENTRO CONTIGUO AL HOTEL EUROPA;COLON;TOCOA;1
48;F;REPUESTOS BARRALAGA;;COLON;TOCOA;1
49;F;REPUESTOS LA NUEVA SURTIDORA;;;TRUJILLO;1
50;F;SERVICIOS MULTIPLES M&M;BARRIO NEGRO CALLE PRINCIPAL CONTIGUO A LA TERMINAL;;TRUJILLO;9
51;F;AUTO REPUESTOS MORALES;BARRIO EL CENTRO CONTIGUO HOTEL MILTON;BONITO ORIENTAL;CARBONALES;9
52;F;LUBRIMAS;CALLE PRINCIPAL SALIDA A OLANCHO;COLON;CARBONALES;9
53;J;REPUESTOS ZAMORA;CALLE PRINCIPAL FRENTE A BCO OCCIDENTE TALANGA;OLANCHO;TALANGA;3
54;F;REPUESTOS TALANGA;;;TALANGA;1
55;F;REPUESTOS Y ACC. GUAYMACA;;;GUAYMACA;1
56;J;INVERSIONES  MONCADA;BARRIO SUYAPA;OLANCHO;CAMPAMENTO;3
57;F;AUTO REPUESTOS CESAR;BARRIO DE JESUS MEDIA CUADRA AL SUR DE ESCUELA MIGUEL MORAZAN CONTIGUOP BATERIA DELTA;OLANCHO;JUTICALPA;3
58;F;AUTO REPUESTOS GERSON;MEDIA CUADRA DEBAJO DE HOTEL EL PASO;OLANCHO;JUTICALPA;3
59;F;AUTO REPUESTOS MARVIN S.DE R.L.;BARRIO LAS ACACIAS CONTIGUO AUTO SERVICIOS VICTOR # 1;OLANCHO;JUTICALPA;3
60;F;GASOLINERA UNO JUTICALPA;;;JUTICALPA;1
61;F;REPUESTOS JUANITA;;;JUTICALPA;1
62;F;REPUESTOS REPASA;;;JUTICALPA;1
63;J;AUTO REPUESTOS MARIO;CALLE PRINCIPAL CASA 1;OLANCHO;JUTICALPA;3
64;F;INVERSIONES CACERES;SALIDA A CATACAMA JUTIQUILE;OLANCHO;JUTIQUILE;3
65;F;REPUESTOS SAN ESTEBAN;;;SAN ESTEBAN;1
66;J;AUTO REPUESTOS RUDY;MEDIA CUADRA ABAJO DEL PARQUE CENTRAL SALIDA VIEJA CATACAMA BARRIO EL CENTRO;OLANCHO;CATACAMAS;3
67;F;LUBRICAT;BARRIO EL COLEGIO 2 CUADRA ARRIBA DEL PORTON PRINCIPAL DEL INTITUTO 18 DE NOV;OLANCHO;CATACAMAS;3
68;J;DISTRIBUIDORA DE REPUESTOS CATACAMAS S. DE R.L.;ENTRADA PRINCIPAL ESQUINA OPUESTA A LA AGAPO;OLANCHO;CATACAMAS;3
69;F;RALLY S AUTOCENTRO;BARRIO EL COLEGIO FRENTE AL INT 18 NOV;OLANCHO;CATACAMAS;3
70;F;REPUESTOS GUIFARRO;;;CATACAMAS;1
71;F;SUPLIDORA DE REPUESTOS CATACAMA(SURECA);CATACAMAS, OLANCHO BARRIO EL COLEGIO;OLANCHO;CATACAMAS;3
72;F;AUTO PARTES MORADEL;;;CATACAMAS;1
73;J;AUTO REPUESTOS NAVARRO;BARRIO SAN SEBASTIAN MEDIA CUADRA AL NORTE  DE LA ENEE;OLANCHO;CATACAMAS;3
74;F;AUTO PARTES CASERES;;;SAN ESTEBAN;1
75;F;CAR WASH ONAN;SANTA ANA ATLANTIDA  CALLE PRINCIPAL, CARRETERA  CEIBA-TELA,;;SAN JUAN P.;1
76;F;INVERSIONES SAN JUAN;;;SAN JUAN P.;6
77;F;REPUESTOS Y ACCESORIOS 2MM;;;SAN JUAN P.;3
78;F;ACCESORIOS Y LUBRICANTES ATLANTIDA;B° MORAZAN,CALLE PRINCIPAL SALIDA CEIBA;ATLANTIDA;TELA;10
79;F;GASOLINERA UNO;;ATLANTIDA;TELA;10
80;F;REPUESTOS Y ACCESORIOS TELA;;;TELA;1
81;F;REPUESTOS EL DESCUENTO;;;TELA;1
82;F;REPUESTOS SAYI;;;TELA;1
83;J;REMOVA;;;PROGRESO;10
84;F;REFYMA;;;PROGRESO;1
85;F;REVA;;;PROGRESO;1
86;F;LUBRICANTES FRANK;QUINTA AVENIDA SUR 3 Y 4 .BARRIO LA MERCED.PROGRESO YORO;;PROGRESO;1
87;F;AUTO PARTES ALEXIS;;;PROGRESO;1
88;F;GASOLINERA TEXACO FUNEZ;;;PROGRESO;1
89;F;AUTO REPUESTOS SU CASA;DEL MONUMENTO DEL PROGRESO UNA CUADRA HACIA EL BOULEVAR, LUEGO A LA IZQUIERDA CUADRA Y DOS CASAS.;;PROGRESO;10
90;F;REPUESTOS Y ACCESORIOS YIBRIN, S.A. DE C.V.;3 AVE 14 CALLE S.O. No 104 APARTADO POSTAL # 1475, SAN PEDRO SULA, HONDURAS C.A.;;SPS;10
91;J;REPUESTOS DE HONDURAS S DE RL DE CV;TERCERA AVE 12 CALLE SUROESTE BARRIO PAZ BARAHONA;CORTES;SPS;10
92;F;CASA AUTOMOTRIZ DUBON;;CORTES;SPS;10
93;F;AUTO REPUESTOS EFRAIN;TERCERA AVE 11-12 CALLE SUROESTE BARRIO PAZ BARAHONA;CORTES;SPS;10
94;F;REPUESTOS AUTOMOTRICES DAGO SRL ,;;CORTES;SPS;10
95;F;AUTO REPUESTOS BEMAR.;;VALLE;PESPIRE;2
96;F;AUTO SERVICIO CRUZ LARIOS;JICARO GALAN;VALLE;JICARO GALAN;3
97;F;AUTO REPUESTOS ANA;SAN LORENZO VALLE CARRETERA PANAMERICANA;VALLE;SAN LORENZO;3
98;F;AUTO REPUESTOS OLIVA;SAN LORENZO VALLE CARRETERA PANAMERICANA;VALLE;SAN LORENZO;3
99;F;AUTO PARTES OCHOA;SAN LORENZO VALLE CARRETERA PANAMERICANA;VALLE;SAN LORENZO;3
100;F;ACCESORIOS Y REPUESTOS DANIS;B° GUADALUPE CALLE MELESIO CARRANZA 1 CUADRA AL ESTE DE REPUESTOS SAN MIGUEL,;CHOLUTECA;CHOLUTECA;3
101;J;AUTO REPUESTOS SEVILLA;B°LA ESPERANZA CUADRA Y MEDIS DE LA TERMINAL DE BUSES;CHOLUTECA;CHOLUTECA;3
102;J;REPUESTOS GUEVARA;B° LA CRUZ FRENTE A GASOLINERA PUMA CARRETERA PANAMERICANA;;CHOLUTECA;3
103;J;ACCESORIOS Y LUBRICANTES ALBA;BARRIO LA CRUZ, COSTADO SUR GASOLINERA PUMA PANAMERICANA;CHOLUTECA;CHOLUTECA;3
104;F;REPUESTOS SUYAPA;CARRETERA PANAMERICANA SALIDA SAN MARCOS DE COLON 1 CUADRA ADELANTE DEL MALL;;CHOLUTECA;1
105;F;REPUESTOS D AUTO;;;CHOLUTECA;1
106;F;REPUESTOS JAVELY;B° EL TAMARINDO AVE PAULINO VALLADARES;;CHOLUTECA;1
107;F;BONILLANTAS SEGURICENTRO S. DE R.L. DE C.V.;BARRIO LOS MANGOS,CARRETERA PANAMERICANA, BOULEVAR ENRIQUE WEDDLE,;CHOLUTECA;CHOLUTECA;3
109;F;DIMEC AUTO PARTES;BOULEVAR SUYAPA SALIDA SAN MARCOS DE COLON FRENTE AL BANCO, ATLANTIDA;CHOLUTECA;CHOLUTECA;3
110;F;ACCESORIOS Y REPUESTOS USADOS MOLINITA;ESQUINA OPUESTA A BLANQUITA EXPRES;CHOLUTECA;CHOLUTECA;3
111;F;REPUESTOS NELSON;MEDIA CUADRA POLLOS LA CESTA;EL PARAISO;DANLI;3
112;F;REPUESTOS EL FURGON;;EL PARAISO;DANLI;3
113;F;REPUESTOS REBAJA;COL.LAS BRISAS,DANLI EL PARAISO;EL PARAISO;DANLI;3
114;F;AUTO REPUESTOS SANCHEZ  ANARIBA S. DE R.L. DE C.V.;COLONIA VILLA NUEVA FRENTE AUTO REPUESTOS RODRIGUEZ FRENTE FERRETERIA SANCHES;FRANCISTO MORAZAN;TEGUCIGALPA;3
115;F;ACCESORIOS Y REPUESTOS 2000;BARRIO LA CRUZ UNA CUADRA AL NORTE DE BCO OCCIDENTE;CHOLUTECA;CHOLUTECA;3
117;F;REPUESTOS MID REY;BARRIO TAMARINDO FRENTE WESTER UNION CALLE PRINCIPAL, CHOLUTECA;CHOLUTECA;CHOLUTECA;3
120;F;Inversiones S.T.S.;B°EL CORTIJO CALLE MANUEL BONILLA AVE PAULINO VALLADARES;CHOLUTECA;CHOLUTECA;3
121;J;AUTO REPUESTOS M Y M;AVE:PAULINO VALLADARES ENTRADA PRINCIPAL CHOLUTECA;CHOLUTECA;CHOLUTECA;1
122;F;BICICAR;QUIMISTAN SANTA BARBARA EL CENTRO FRENTE A COOPERATIVA;;QUIMISTAN;1
123;F;REIRISA;;;LA FLECHA;1
124;F;AUTO SERVICIO LA ENTRADA;ENTRADA COPAN B°MIRAFLORES CARRETERA INTERNACIONAL;;LA ENTRADA;1
126;F;AUTO REPUESTOS RAMIREZ;LA ENTRADA, COPAN, EL TRIANGULO SALIDA COPAN RUINAS;;LA ENTRADA;9
127;F;REP. Y LUBRICENTRO LAS BANDERAS;;;LA ENTRADA;1
128;F;AUTO REP. FERNANDEZ;;;LA ENTRADA;1
129;F;CARWASH Y LUBRICENTRO CHINCHILLA;B° EL TRIANGULO ENTRADA A COPAN;;LA ENTRADA;1
130;F;AUTO REPUESTOS MENDOZA;ENTRADA COPAN,BARRIO PROGRESO OCCIDENTE;;LA ENTRADA;9
131;F;CARWASH Y LUBRICENTRO MIGUELITO;;;LA ENTRADA;1
132;F;REPUESTOS ALONZO;;;LA ENTRADA;1
134;F;ALINEAMIENTO Y BALANCEO ABC;SANTA ROSA DE COPAN,CALLE PRINCIPAL,BOULEVAR BUESOS ARIAS, JESUS ARNALDO GARCIA CUELLAS, N° IDENTIDAD:041796600013;;SANTA ROSA;9
135;F;AUTO REPUESTOS GALDAMEZ;SANTA ROSA COPAN.CALLE PRINCIPAL;COPAN;SANTA ROSA;9
136;F;SERVICIO Y AUTO REPUESTOS GUERRA;B° EL PROGRESO;;SANTA ROSA;1
137;F;ACEITIOS.;;;SANTA ROSA;1
138;F;AUTOS LEMUS;SANTA ROSA , COPAN,ENTRADA PRINCIPAL AL ESTADIO, PROPIETARIO: BULEVAR JORGE BUESO ARIAS;COPAN;SANTA ROSA;9
139;F;SERVICENTRO SAN ANTONIO;B°LA MERCED CARMEN 3 AVE 2 CALLE;;SANTA ROSA;1
140;F;TALLER MECANICO LA FUENTE;B°EL CARMEN;COPAN;SANTA ROSA;8
141;F;REPUESTOS JOSUE;;;SANTA ROSA;1
142;F;INVERSIONES AUTO PARTES MIRAFLORES;BARRIO EL CENTRO LEPAERA, COPAN;COPAN;LEPAERA;9
143;F;TALLER Y AUTO REPUESTOS MEMIN;COL FLORES SAVEDRA, CONTIGUO A TROPIGAS CARRETERA INTERNACIONAL,;;SANTA ROSA;9
144;F;SERVICIO ELECTRICO LARA;SANTA ROSA DE COPAN FRENTE A BOULEVAR JORGE BUESO ARIAS CONTIGUO ASONPLAFA;;SANTA ROSA;1
145;F;AUTO PARTES ISUPARTES;;;COMAYAGUA;1
146;F;CACERES AUTO PARTS;B° HERRADURA , POR EL MERCADO;;.;1
147;F;PARRILLAS Y REPUESTOS DONARIS;SAN MARCOS OCOTEPEQUE FRENTE AL ESTADIO ENTRADA PRINCIPAL;COPAN;SAN MARCOS;9
148;F;COMERCIAL FARANOAR;10 CALLE ENTRE 6 Y 7 AVE COMAYAGUELA BARRIO CONCEPCION;FRANCISCO MORAZAN;TEGUCIGALPA;3
149;F;SERVI AUTO;;FRANCISCO MORAZAN;TEGUCIGALPA;3
150;F;AMORTIGUADORES MONICA Y CAMILA;;;TEGUCIGALPA;1
151;J;AUTO SUSPENCION S. DE R.L. DE C.V. ,;BOULEVAR DEL NORTE SANTA FE CUADRA Y MEDIA ARRIBA DE CEMCOL O FRENTE BATERIAS LTH;FRANCISCO MORAZAN;COMAYAGUELA;3
152;F;THREE FIVE;;;TEGUCIGALPA;1
153;F;AUTO REPUESTOS VILLATORO;COMAYAGUELA, ADENTRO DEL MAYOREO;;TEGUCIGALPA;3
154;F;REPUESTOS EL MAYOREO;;;TEGUCIGALPA;1
155;J;CONRA AUTO PARTS;COMAYAGUA AVE 9Y10 CALLE TEGUCIGALPA;COMAYAGUA;TEGUCIGALPA;3
156;J;AUTO FRENOS COMAYAGUELA;B°CONCEPCION 4 AVE COMAYAGUELA ENTRE 10 Y 11 CALLE;FRANCISCO MORAZAN;TEGUCIGALPA;3
157;F;AUTO REPUESTOS NAVAS;;;TEGUCIGALPA;1
158;F;REPUESTOS DEL JAPON;;;TEGUCIGALPA;3
159;F;AUTO PARTES INESTROZA;COMAYAGUELA BARRIO CONCEPCION CUARTA AVE 11 CALLE ESQUINA OPUESTA NIPPON AUTO;FRANCISCO MORAZAN;TEGUCIGALPA;3
160;F;FLAVIO AUTO PARTS;4 Y 5 AVE 11 CALLE COMAYAGUELA;;TEGUCIGALPA;1
161;F;AUTO PARTES CONTINENTAL;;;TEGUCIGALPA;1
162;F;REPUESTOS LA CARROCERIA;;;TEGUCIGALPA;1
163;F;JM REPUESTOS Y ACCESORIOS;BARRIO CONCEPCION 11 CALLE ENTRE 3 Y 4 AVE  MEDIA CUADRA DEBAJO DE NIPON AUTO;FRANCISCO MORAZAN;TEGUCIGALPA;3
165;F;TODO REPUESTOS;;;TEGUCIGALPA;1
166;F;REPUESTOS MULTIAUTOS;;;TEGUCIGALPA;1
167;F;REPUESTOS SCOTO;COL SAN MIGUEL 1 CUADRA ANTES DEL PUENTE DEL ANILLO PERIFERICO;;TEGUCIGALPA;3
168;F;REPUESTOS MARIO;;;TEGUCIGALPA;1
169;F;INVERSIONES ROXALVA;COL SAN MIGUEL, CALLE PRINCIPAL SALIDA/ENTRADA ANILLO PERIFERICO,;FRANCISCO MORAZAN;TEGUCIGALPA;3
170;F;REPUESTOS ACCESORIOS RODRIGUEZ;;FRANCISCO MORAZAN;TEGUCIGALPA;3
171;F;REPUESTOS FRENI MOTOR;;FRANCISCO MORAZAN;TEGUCIGALPA;3
172;F;CENTRO AUTO PARTS;;;TEGUCIGALPA;1
173;F;AUTO PARTES CHINCHILLA;;;TEGUCIGALPA;1
175;F;AUTO REPUESTOS IMPORT;;;TEGUCIGALPA;1
176;F;CARDISA;7 AVE 13 CALLE FRENTE A TRANSPORTE DISCOVERI;;TEGUCIGALPA;3
177;F;CAR INTERNACIONAL S. DE R.L;B°CONCEPCION 13 CALLE ENTRE 7 Y 8 AVE LOCAL #716;;TEGUCIGALPA;3
178;F;JONATHAN AUTOMOTRIZ;B°CONCEPCION 4 AVE. ENTRE 10 Y 11 CALLE,COMAYAGUELA;;TEGUCIGALPA;1
179;F;AUTO REPUESTOS LA BENDICION;4 AVE 10 CALLE COMAYAGUELA ESQUINA OPUESTA HOTEL REINIERY;FRANCISCO MORAZAN;COMAYAGUELA;3
180;F;REPUESTOS JADE;;;TEGUCIGALPA;1
181;F;AUTO ROMEL;;;TEGUCIGALPA;1
182;F;JOEL AUTO PARTS;;;COMAYAGUA;1
183;F;TIENDA;;;.;5
184;F;ANDY FLORES;BARRIO BELLA VISTA, AUTO SERVICIO ALEJANDRA;;.;1
185;F;AUTO FRENOS DEL NORTE;SPS 1RA CALLE 4TA AVE;;SPS;1
186;F;UNIVERSIDAD NACIONAL DE AGRICULTURA;CATACAMAS;;CATACAMAS;1
187;F;TECNI SERVICIO MOJARAS;BARRIO EL CENTRO, MONJARAS, MARCOVIA, CHOLUTECA;CHOLUTECA;MOJARAS;3
188;F;SAMIR FUNEZ RODRIGUEZ;LA MASICA;;LA MASICA;1
189;F;REPUESTOS AUTOMOTRICEZ ELECTRICOS ( RACEL);TERCERA AVE BARRIO PAZ BARAHONA ENTRE 11 Y 12 CALLE FRENTE A INFERRA;CORTES;SPS;10
190;F;REPUESTOS Y SERVICIO ZAYI;BARRIO SAN ANTONIO;ATLANTIDA;TELA;10
191;J;RALLYS   AUTOCENTRO;BARRIO EL COLEGIO FRENTE AL INT 18 NOV;OLANCHO;CATACAMAS;1
193;F;MARIO TEJEDA (VENLEDUI REPUESTOS);AUTO REPUESTOS  CENTRO;;LA CEIBA;1
194;F;MARCIAL CUBAS;ROATAN;;ROATAN;2
195;F;CAR WASH ROMERO;FRENTA AL AEROPUERTO;;LA CEIBA;1
196;F;CAR WASH MARCO;SAN JUAN, CARRETERA SALIDA TELA;;SAN JUAN P.;1
197;F;AUTO SERVICIOS  ALEJANDRA;BRO. BELLA VISTA;;LA CEIBA;1
198;F;"AUTO SERVICIO GABYS
CA";LUIS REP OLANCHITO;;CARBONALES BONITO ORIENTAL;3
199;F;AUTO REPUESTOS VILLEDA;B°EL CENTRO SALIDA A CARRETERA COPAN RUINAS;;RUINAS DE COPAN;1
200;F;AUTO REPUESTOS PALMERA;TELA CONTIGUO A GASOLINERA UNO;;TELA;10
201;F;ALBERTO MUNGUIA;ROATAN;ROATAN;ROATAN;2
202;F;REPUESTOS PIZZATI TIENDA;;;LA CEIBA;2
203;F;CRISTIAN ALVARADO;ROATAN;ROATAN;ROATAN;2
204;F;AUTO SERVICIO SIMPSON;PUERTO LEMPIRA;PUERTO LEMPIRA;PUERTO LEMPIRA;5
205;F;REPUESTOS Y ACCESORIOS CARLITOS;PROGRESO;YORO;PROGRESO;2
209;F;MATERIALES Y MAS LA SOLUCION;EL PORVENIR \;ATLANTIDA;EL PORVENIR;5
212;F;REPUESTOS ESCOTO;TRUJILLO;COLON;TRUJILLO;9
215;F;REPUESTOS RODRIGUEZ;;CORTES;CORTES;2
220;F;AUTO PARTES PAREDES;TOCOA;COLON;TOCOA;9
221;F;INVERCAR;SAN MARCOS DE OCOTEPEQUE;OCOTEPEQUE;SAN MARCOS;9
222;F;REPUESTOS RAUL;LA ENTRADA COPAN;COPAN;LA ENTRADA;9
230;F;AUTO CENTRO EL ESTADIO;BARRIO LA ISLA FRENTE AL ESTERO;ATLANTIDA;LA CEIBA;6
231;F;AUTO REPUESTOS LA FE;BARRIO EL TORONDON UNA CUADRA TRANSPORTE RIVERRA;COMAYAGUA;COMAYAGUA;10
232;F;CEMCOL AUTO SERVICIO;;ATLANTIDA;LA CEIBA;5
233;J;AUTO REPUESTOS KAR;NACAOME,  VALLE;VALLE;NACAOME;3
234;F;LA CASA DE LOS REPUESTOS;CORTES;CORTES;CORTES;5
235;F;ISLAND SHIPPING;;ATLANTIDA;LA CEIBA;6
236;F;RIGOBERTO CRUZ;;ISLAS DE LA BAHIA;ROATAN;2
237;F;CENTRAL AUTO REPUESTOS;COMAYAGUABOULEVAR 4TO CENTENARIO COMAYAGUA 1/2 CUADRA AL SUR DE WOLOZNY;COMAYAGUA;COMAYAGUA;10
238;F;FRENOS SONAGUERA;SONAGUERA;COLON;SONAGUERA;9
239;J;AUTOREPUESTOS CACERES S DE RL DE CV;BARRIO LAS ACACIAS MEDIA CUADRA AL OESTE DE LA CRUZ ROJA HONDUREÑA;OLANCHO;JUTICALPA;3
240;F;REPUESTOS DANIEL;SALAMA;OLANCHO;SALAMA;5
241;F;AUTO REPUESTOS ROBERCAR;;ATLANTIDA;SAN JUAN P.;9
243;F;REPACA;3RA AVE SAN PEDRO SULA;CORTES;SPS;6
244;F;SIGRI HERNANDEZ;;COLON;TOCOA;5
245;F;AUTO SERVICIOS ALFA;TRUJILLO, COLON;COLON;TRUJILLO;9
246;F;JOSE WILFREDO GARAY RODAS;TOCOA;COLON;TOCOA;5
247;F;AUTO REPUESTOS JKB;SIGUATEPEQUE;COMAYAGUA;SIGUATEPEQUE;10
248;F;REPUESTOS WALESKA;TELA ATLANTIDA;ATLANTIDA;TELA;10
249;F;RAMON ALEXIS ROSALES;TOCOA COLON;COLON;TOCOA;5
250;F;AUTO REPUESTOS SHEKINA;SAN PEDRO SULA;CORTES;SPS;6
252;F;AUTO REPUESTOS SANTOS (SPS);San Pedro Sula;CORTES;SPS;2
253;F;DUBON AUTO PARTES;;CORTES;SPS;10
254;F;Autopartes Madelo;3ra Ave, San Pedro Sula;CORTES;san pedro sula;2
255;F;REPRESENTACIONES SAN MARTIN;1 AVE, 13 Y 12 CALLE SAN PEDRO SULA;CORTES;san pedro sula;2
256;F;MULTI REPUESTOS;12/13 CALLE AVE PAZ BARAHONA;CORTES;SPS;10
257;F;COMERCIAL JUNIOR/ESMELIN CASTRO;0107-1964-013539ROATAN LOS FUERTES MEDIA CUADRA DESPUES DE CAR WASH;ISLAS DE LA BAHIA;ROATAN;8
258;J;PARTES AUTOMOTRICES REFISA SRL DE CV;SAN PEDRO SULA;CORTES;SPS;10
259;F;REAPA;1RA AVE, 11 Y 12 CALLE, SAN PEDRO SULA;CORTES;SPS;2
260;F;MARIO CABRERA;;ATLANTIDA;LA CEIBA;5
261;F;DISAC AUTO PARTES;;FRANCISCO MORAZAN;TEGUCIGALPA;3
262;F;AUTO ZONA;;COLON;TOCOA;9
263;F;PRIME WHEEL;;ATLANTIDA;LA CEIBA;8
264;F;REPUESTOS RUIZ;4Y 5TA AVENIDA 12 CALLE;MORAZAN;TEGUCIGALPA;3
265;F;SERVICENTRO CATACAMAS;CUADRA Y MEDIA AL SUR DE HONDUTEL;OLANCHO;CATACAMAS;3
266;F;AUTOREPUESTOS ILZA;;OLANCHO;TALANGA;3
268;F;AUTO REPUESTOS ZELAYA;DANLI;EL PARAISO;DANLI;3
269;F;Auto Repuestos Cristobal;Salida a Jamastran,;EL PARAISO;DANLI;3
270;F;REPUESTOS Y LUBRICANTES TORREZ;Barrio las Flores, Salida al Paraiso, contiguo pintura Gama;EL PARAISO;DANLI;3
271;F;REPUESTOS PARAISO;Una cuadra al Oeste del parque Ramon Ignacio Diaz;EL PARAISO;DANLI;3
272;F;AUTO REPUESTOS WALTER;DANLI EL PARAIZO SALIDA A JAMASTRAN FRENTE  A GASOLINERA PUMA ROCA;EL PARAISO;DANLI;3
273;F;AUTO REPUESTOS SANTOS;CALLE SALIDA A EL PARAISO CONTIGUO A LA CURACAO;EL PARAISO;DANLI;3
274;F;AUTO REPUESTOS JOSE EDUARDO;1/2 CUADRA DEBAJO DE EL HOTEL SANCARLOS TROJES EL PARAISO;EL PARAISO;TROJES;3
275;F;CONSUMIDOR FINAL;LA CEIBA;ATLANTIDA;LA CEIBA;2
276;F;AUTO SERVICIO CRUZ;PUERTO CORTEZ 1RA Y 2DA AVE. 5TA CALLE;CORTES;CORTES;6
278;F;AUTO CENTRO MADRID;SANTA ROSA DE COPAN, BULEBAR PRINCIPAL CONTINUO A YONKER TOROS FRENTE A ALUTEC;COPAN;SANTA ROSA;9
279;F;ALIAUTO;;COLON;TOCOA;9
280;F;REPUESTOS Y ACCESORIOS DISCOVER;;INTIBUCA;INTIBUCA;10
281;F;MARCOS BENABIDEZ;PUERTO CORTES;CORTES;CORTES;2
282;F;REPUESTOS Y SERVICIOS MIRAFLORES #1;BARRIO EL CALVARIO ,PLAZA SANTA IZABEL,CUCUYAGUA  COPAN;COPAN;CUCUYAGUA;9
283;F;MIRAFLORES REPUESTOS;BARRIO LAS ACACIAS, CORQUIN COPAN;COPAN;CORQUIN;9
284;F;KAIROS INVERCIONES;CHOLUTECA MEDIA CUADRA DE LA TOYOTA EN GASOLINERA PUMA;VALLE;CHOLUTECA;3
285;F;REPUESTOS UNICAR;TEGUCIGALPA SAN MIGUEL;FRANCISCO MORAZAN;TEGUCIGALPA;3
286;F;AUTO REPUESTOS JULY;TROJES, EL PARAIZO CALLE PRINCIPAL FRONTERA CON NICARAGUA;PARAISO;TROJES;3
288;J;Repuestos Vallecillos S. de R.L.;Calle principal Progreso, Una cuadra despues del monumento de la paz;YORO;PROGRESO;10
289;F;REPUESTOS DEL REY;S.P.S 1RA AVE. ENTRE 12 Y 13 CALLE;CORTES;SPS;5
290;F;HENRY CRUZ;SPS;CORTES;san pedro sula;2
292;F;REPUESTOS DEL CARIBE;;ATLANTIDA;LA CEIBA;2
293;F;REPUESTOS EL CHELE;BARRIO EL JASMIN CALLE PRINCIPAL EL PARAISO, EL PARAISO;EL PARAISO;PARAISO;3
294;F;AUTO REPUESTOS TOÑITO;LA ENTRADA,UNA CUADRA DE TRIANGULO  COPAN FRENTE AL PREVIO MUNICIPAL COPAN RUINAS;COPAN;LA ENTRADA;9
295;J;IMPORTADORA DE REPUESTOS DUBON;BARRIO LA PAZ BARAHONA 13 CALLE 4AVE;CORTES;SPS;10
296;F;REPUESTOS CARLITO 2;SR YAMI;YORO;GUAYMITA;10
298;F;INVERSIONES SALGADO;BO.BUENOS AIRES CONTINUO AL RESTAURANTE GOLDES PALACE;ATLANTIDA;LA CEIBA;5
299;F;AUTO PARTES ISSAC;ENTRADA COPAN BARRIO PROGRESO CALLE PRINCIPAL PANAMERICA;COPAN;SIGUATEPEQUE;9
300;F;AUTO REPUESTOS ESCOTO #2;BARRIO RIO NEGRO CALLE PRINCIPAL FRENTE TRANSPORTE COTUC(TRUJILLO) CALLE DE LA ENEE MEDIA CUADRA ANTES DE LA MAXI DESPENSA;COLON;TOCOA;9
301;J;AUTO REPUESTOS ILZA;TALANGA, R.M CALLE PRINCIPAL CONTIGUO A GASOLINERA AMERICA TALANGA;OLANCHO;TALANGA;3
302;J;AUTO SERVICIO AMERISTAR;CARRETERA OLANCHO KM 91 500MTS DESPUES DE LA GASOLINERA PUMA COLONIA NUEVA ERA;OLANCHO;GUAYMACA;3
304;F;SUNRRY MARTINEZ;TOCOA COLON;COLON;TOCOA;5
305;F;MULTI SERVICIOS DE LEON;SONAGUERA COLON CARRETERA SINAI;COLON;SONAGUERA;2
306;J;INVERSIONES STS. DE R.L.;BARRIO EL CORTIGO CALLE MANUEL BONILLA PAULINA VALLADARES CASA 365;CHOLUTECA;CHOLUTECA;3
307;J;TALLER MECANICO PERDOMO;CUCUYAGUA COPAN SALIDA CARRETERA HACIA CORQUIN;COPAN;CUCUYAGUA;9
308;J;LA CASA DEL REPUESTO;BO . SAN JOSE, OCOTEPEQUE;OCOTEPEQUE;OCOTEPEQUE;9
309;F;INVERSIONES COPAN;COLONIA SAN ANTONIO, CUCUYAGUA, COPAN;COPAN;CUCUYAGUA;9
310;F;REPUESTOS RENAU;;INTIBUCA;SIGUATEPEQUE;10
311;J;MULTI REPUESTOS BARRALAGA;SAN MARCOS COLON;CHOLUTECA;SAN MARCOS COLON;3
312;F;AUTO PARTES ULICES;BARRIO EL CENTRO FRENTE SUPERMERCADO EL DORADO;COLON;TOCOA;9
313;F;CARWASH Y AUTO REPUESTOS MIGUELITO;;COPAN;LAENTRADA;9
314;F;INVERSIONES LA MEXICANA;SALIDA A RIO NEGRO,CABAÑAS COPAN;COPAN;CABAÑAS;9
315;J;AUTO SERVICIO Y FERRETERIA LA PEÑA;SANTA RITA, COPAN;COPAN;SANTA RITA;9
316;F;MERCADITO MENDOZA;ALDEA EL EMPALME, DANLI CARRETERA A JAMASTRAN;FRANCISCO MORAZAN;DANLI;3
317;F;TALLER RONY;UNA CUADRA A LA DERECHA GASOLINERA PUMA, LEPAERA LEMPIRA;LEMPIRA;LEPAERA;9
318;F;AUTO REPUESTOS TRIGUEROS;LEPAERA LEMPIRA FRENTE ABARROTERIA BARRIO SAN JUAN;LEMPIRA;LEPAERA;9
319;F;RADIADORES Y BATERIAS COSMO INDUSTRIAL;STA ROSA DE COPAN BARRIO SANTA TERESA SALIDA A OCOTEPEQUECONTIGUO A LA ANTIGUA POSTA POLICIAL;COPAN;SANTA ROSA;9
320;J;AUTO REPUESTOS Y LUBRICANTES H Y M;SIGUATEPEQUE, COMAYAGUA;COMAYAGUA;SIGUATEPEQUE;10
321;F;AUTO REPUESTOS SAN JORGE;BARRIO SAN JUAN SIGUATEPEQUE;COMAYAGUA;SIGUATEPEQUE;9
322;F;AUTO REPUESTOS Y MAS;BARRIO LAS FLORES DETRÁS DE TRANSPORTE MIRNA CONTIGUO AL SUPERMERCADO EL DORADO;COLON;TOCOA;9
323;F;AUTO REPUESTOS Y ACCESORIOS ROMERO;CARRETERA SALIDA CORQUIN COPAN;COPAN;CUCUYAGUA;9
324;F;INVERSIONES PEREZ ALVAREZ;CALLE INTERNACIONAL FRENTE A TORNO DERAZ;COPAN;CUCUYAGUA;9
325;F;YONKER CAMPOS;EL PROGRESO YORO SALIDA STA RITA COLONIA 5 DE DICIEMBRE CONTIGUO FERRETERIA JUNIOR;CORTES;PROGRESO;10
326;J;TALLER Y YONKER SAN MARTIN;SANTA ROSA, COPAN, CARRETERA INTERNACIONAL FRENTE A INCAFE;COPAN;SANTA ROSA;9
327;J;AUTO REPUESTOS Y LUBRICENTRO ESCOBAR;COLONIA INDEPENDENCIA, 2CALLE, 1 CUADRA HOTEL CASCADA;CORTES;VILLANUEVA;10
328;J;AUTO PARTES POLANCO;Ocotepeque, Barrio Concepcion 1/2 cuadra al norte de deposito Anita Santos;OCOTEPEQUE;OCOTEPEQUE;9
329;F;AUTO PARTES PREMIER;3° Avenida, 11 calle,frente a Pajaro Azul ,barrio Paz Barahona, S.P.S.;CORTES;SPS;10
331;J;AUTO PARTES GERIZIN;Terminal de buses Gracias Lempira;LEMPIRA;Gracias Lempira;9
332;F;TALLER MECANICO AUTOMOTRIZ RODRIGUEZ;ENTRADA PRINCIPAL DE TAULABE, COMAYAGUA, FRENTE AL CENTRO DE SALUD TAULABE CONTIGUO A LA IGLESIA DE DIOS COLEGIO GRUPO LIBERACION BARRIO LOS ALMENDROS;COMAYAGUA;TAULABE;10
333;F;Producto Malo;;ATLANTIDA;LA CEIBA;1
334;F;AUTO REPUESTOS LENIN;LEPAERA, LEMPIRA;LEMPIRA;LEPAERA;9
335;F;AUTO PARTES RN;BARRIO EL CENTRO, AVE. MEXICO,CALLE JUAN LINDO, CONTIGUO A CASA DE LA CULTURA;ATLANTIDA;TELA;2
336;J;AUTOSERVICIOS MIGUELITO;Bo AGUALOTE AZACUALPA, SANTA BARBARA, CALLE PRINCIPAL FRENTE A COLEGIO CARLOS VILLALVIR CASTRO.;VALLE;AZACUALPA;9
337;F;SUPER FRENOS MORADEL;CATACAMAS;OLANCHO;CATACAMAS;2
338;F;REPUESTOS Y ACCESORIOS RODRIGUEZ(SUCURSAL);BOULEVAR ROBERTO ROMERO LARIOS,COMAYAGUA, COMAYAGUA;INTIBUCA;COMAYAGUA;9
339;F;STOCK AUTO PARTS;BARRIO EL CENTRO SEGUNDA CALLE PRIMERA AVENIDA LA CALLE DE LA LICORERA;;SIGUATEPEQUE;10
340;F;AUTO REPUESTOS JAFET;AVE COMAYAGUELA 4 Y 5 AVE 10 CALLE CONTIGUO A AUTO REPUESTOS;FRANCISCO MORAZAN;TEGUCIGALPA;3
343;F;AUTO PARTES SHALOM;SAN ESTEBAN,OLANCHO;OLANCHO;SAN ESTEBAN;2
344;F;PRUEBA;;;.;0
345;F;AUTO PARTES MUÑOZ;TOCOA COLON BARRIO EL TAMARINDO/GUAPINOL BARRIO EL CENTRO FRENTE A COOPERATIVA REMOLINA TOCOA COLON;COLON;TOCOA;9
346;F;VENTA DE REPUESTOS CASHAPA;BO NUEVO ARRIBA, FRENTE AL RNP;COPAN;SANTA RITA;9
347;J;INVERSIONES H Y H;TEGUCIGALPA;FRANCISCO MORAZAN;TEGUCIGALPA;2
348;F;MALENA AUTO REPUESTOS;BARRIO SAN JUN, SIGUATEPEQUE;COMAYAGUA;SIGUATEPEQUE;9
349;F;DUBON DISTRIBUIDORA DE REPUESTOS;SPS TERCERA AVENIDA 15 Y 16 CALLE PAZ BARAHONA;CORTES;SPS;10
350;F;JUAN ANGEL ERAZO OSEGUERA;LA CEIBA;ATLANTIDA;LA CEIBA;2
351;F;REPUESTOS AUTOMOTRICES XAVIER(REAXA);;CORTES;SPS;10
352;F;LUBRICANTES Y REPUESTOS SALGUERO;avenida los cesesmiles barrio BueNA VISTA;COPAN;COPAN RUINAS;9
353;F;REPUESTOS DANNY;BARRIO SAN RAMON, CARRETERA PANAMERICANA SIGUATEPEQUE COMAYAGUA;COMAYAGUA;SIGUATEPEQUE;10
354;F;LUBRILLANTAS APLICANO;BARRIO TAMARINDO DOS CUADRAS AL SUR DE WENDY CHOLUTECA;CHOLUTECA;CHOLUTECA;3
355;F;REPUESTOS MIRAFLORES # 1;BARRIO MERCEDES,GRACIAS, LEMPIRA;LEMPIRA;Gracias Lempira;9
356;F;AUGUSTO CESAR GUARDIOLA ARDON;COMERCIAL PECAS 7 CALLE BARRIO LAS ACACIAS ENTRE 2 Y 3 AVENIDA AL COSTADO DE DIARIO LA PRENSA;CORTES;SPS;2
357;F;Auto Repuestos Ruiz;La flecha, Santa Barbara, carretera al ciruelo;SANTA BARBARA;COPAN RUINAS;9
358;F;AUTO REPUESTOS RUIZ;Bo EL TRIANGULO 1ERA CALLE, CARRETERA QUE CONDUCE AL CIRUELO MACUELIZO, STA BARBARA, HONDURAS, C.A.;SANTA BARBARA;SANTA BARBARA;9
359;J;AUTO REPUESTOS PALACIOS MURCIAS;;CORTES;san pedro sula;10
360;F;INVERSIONES LECOR S DE R.L;VILLA NUEVA;CORTES;VILLANUEVA;10
361;F;CARWASH Y LUBRICENTRO HANDAL;UNA CUADRA ATRÁS SUPERMERCADO HANDAL Bo EL CENTRO, MORAZAN YORO EMAIL JORGEREYES1989@HOTMAIL.COM;YORO;MORAZAN;10
362;F;GASOLINERA UNO;Bo EL CENTRO 2DA CALLE 2DA AVE FRENTE BCO OCCIDENTE(COMBUSTIBLE, LUBRICANTES, REPUESTOS) EMAIL unocentroyoro@yahoo.es;YORO;yoro;10
363;F;TALLER AUTOMOTRIZ FRANCO;Bo LOS ANGELES, MORAZAN, YORO;YORO;MORAZAN;10
364;F;AUTOREPUESTOS ELIAS Y LINDA S. DE R.L. DE C.V.;Bo LEMPIRA 7 AVE 4 CALLE MORAZAN YORO EMAIL autorepel@hotmail.com;YORO;MORAZAN;10
365;F;AUTO PARTES MARCIA¨S S.A. DE C.V.;1 Y 2 AVE AL NORTE DE POLICLINICA SAN JOSE Bo EL CENTRO MORAZAN YORO EMAIL autopartesmarcias@gmail.com;YORO;MORAZAN;10
366;F;MULTI SERVICIO AUTOMOTRIZ S. DE R.L. (TECNICAR);YORO, YORO Bo LAS DELICIAS 2 CUADRAS AL ESTE DE FERRETERIA DELMIS ATRÁS DEL CUERPO DE BOMBEROS;YORO;yoro;10
367;F;INVERSIONES CHINCHILLA¨S;Bo LEMPIRA, MOROZAN, YORO EMAIL pich_handal@hotmail.com;YORO;MORAZAN;10
368;F;AUTO PARTES LAGOS;Bo CABAÑAS, FRENTE A COMEDOR INFANTIL, YORO, YORO;YORO;yoro;10
369;F;LUBRICANTES LAS ACACIAS;ENTRADA PRINCIPAL A MORAZAN YORO Bo EL PROGRESO;YORO;MORAZAN;10
370;F;AUTOPARTES TECOS S. DE R.L.;BARRIO ARRIBA CALLE PRINCIPAL, TRINIDAD, S.B. HONDURAS C.A.                                         EMAIL lousants@hotmail.com;SANTA BARBARA;TRINIDAD;10
371;F;FERRETERIA, REPUESTOS Y ACCESORIOS EVORA (REPAE);CALLE MINERVA Bo EL CENTRO, SAN JOSE DE COLINAS, SANTA BARBARA, HONDURAS CA EMAIL repae@msn.com;SANTA BARBARA;SANTA BARBARA;10
372;F;AUTOPARTES MI BUEN PASTOR;3 CUADRA AL SUR DEL HOSPITAL STA BARBARA BARRIO LLANO DE CONEJO, SANTA BARBARA, HONDURAS, C.A. EMAIL autopartesmibuenpastor@autlook.es;SANTA BARBARA;SANTA BARBARA;10
373;F;REPUESTOS Y LUBRICANTES LOS AMIGOS;COLINAS, SANTA BARBARA;SANTA BARBARA;COLINAS;8
374;F;SERVICIO AUTOMOTRIZ INVERSAM;Bo LLANO DEL CONEJO, SALIDA TEGUCIGALPA SANTA BARBARA, S.B HONDURAS C.A.;SANTA BARBARA;SANTA BARBARA;10
375;F;AUTO REPUESTOS Y YONKER ARIAS;Bo EL MIRADOR, CALLE PRINCIPAL FRENTE A CARRETERA PAVIMENTADA SALIDA SPS, SANTA BARBARA, HONDURAS C.A. EMAIL fernanariasperez_@hotmail.com;SANTA BARBARA;SANTA BARBARA;10
376;F;AUTO REPUESTOS ALESSANDRO, S. DE R.L.;TOCOA,COLON;COLON;TOCOA;9
377;F;TORRES AUTO SERVICIO;CEIBITA SUR CALLE PRINCIPAL SANTA BARBARA, S.B, HONDURAS, C.A. EMAIL GEOVANYTORRESG@GMAIL.COM;SANTA BARBARA;CEIBITA;10
378;F;EDWARD SERVI FRENOS;BARRIO LLANOS DEL CONEJO, CARRETERA SALIDA TEGUCIGALPA SANTA BARBARA, S.B. HONDURAS C.A. EMAIL edwardservifrenos@gmail.com;SANTA BARBARA;SANTA BARBARA;10
379;F;AUTO SERVICIO RIVERA;Bo EL MIRADOR,CALLE PRINCIPAL, CPNTIGUO A CARWASH TITOS SANTA BARBARA, S.B, HONDURAS C.A. EMAIL rieveraautoservicio@gmail.com;SANTA BARBARA;SANTA BARBARA;10
380;F;AUTOLLANTAS SAGASTUME;BARRIO EL WAY LA ESPERA, INTIBUCA, HONDURAS;INTIBUCA;LA ESPERANZA;10
381;F;CENTRAL AUTOMOTRIZ;BOULEVAR 4TO CENTENARIO 1/2 CUADRA AL NORTE DE BCO ATLANTIDA, CONTIGUO A SONRIA,COMAYAGUA,COMAYAGUA;COMAYAGUA;COMAYAGUA;10
382;F;SERVICIOS MULTIPLES;BARRIO SAGRADO CORAZON 3 CUAFRAS AL SUR DE ENTRADA PRINCIPAL, CHOLUTECA,HONDURAS C.A.;CHOLUTECA;CHOLUTECA;3
383;F;AUTO PARTES ALEXA S. DE R.L.;4 AVE 11 CALLE Bo MONTEVIDEO, EL PROGRESO, YORO, HONDURAS, C.A;YORO;PROGRESO;10
384;F;AUTO SERVICIOS OSMAN;Bo LAS DELICIAS, 3-4 CALLE, 1 AVE. EL PROGRESO, YORO;YORO;PROGRESO;10
385;F;TALLER MECANICO CRISTIAN;SENSENTI, OCOTEPEQUE;OCOTEPEQUE;SENSENTI;9
386;F;AUTO PARTES AVILA CANALES S. DE R.L. (AVICAN);BARRIO LEMPIRA, 10 CALLE, 3-4 AVE. SANPEDRO SULA, CORTEZ, HONDURAS C.A.;CORTES;san pedro sula;10
387;F;AUTO REPUESTOS OSORIO;MONTEVIDEO, 11, AVE. 4, EL PROGRESO, YORO;YORO;PROGRESO;10
388;F;AUTOREPUESTOS FERNANDO;;YORO;OLANCHITO;9
389;F;B & C AUTO PARTES;Bo SAN MIGUEL, FRENTE A ELECTRONICA MIRANDA, SIGUATEPEQUE, HONDURAS C.A.;COMAYAGUA;SIGUATEPEQUE;10
390;F;AUTO REPUESTOS GARCIA;CATACAMAS OLANCHO BARRIO LA MORA 2CALLE 2 AVE SUR ESTE FERRETERIA;OLANCHO;CATACAMAS;3
391;F;AUTO REPUESTOS JIREH;BARRIO LA CRUZ FRENTE A CARRETERA PANAMERICANA SAN LOERNZO VALLE;VALLE;SAN LORENZO;3
392;F;DUBON PARTES AUTOMOTRICEZ;;CORTES;san pedro sula;10
393;F;AUTOREPUESTOS RUBENT;CARRETERA PANAMERICANA, FRENTE A DESVIO A GOASCORAN, LAS LAJAS, GOASCORAN VALLE;VALLE;GOASCORAN;3
394;F;REPUESTOS Y LUBRICANTES SAN MARCOS;SAN MARCOS, OCOTEPEQUE CALLE PRINCIPAL FRENTE AL ESTADIO DE FOOTBALL;OCOTEPEQUE;SAN MARCOS;9
395;F;AUTO REPUESTOS EL PISTON;BULEVAR JUAN RAMON SALGADO CONTIGUO FARMACIA EL AHORRO;COLON;TOCOA;9
396;F;REPUESTOS ANGEL;Bo LAS FLORES AVE CIRCUNVALACION 1Y2 AVE 15 CALLE NE LOCAL #3 SPS CORTES HONDURAS;CORTES;san pedro sula;10
397;F;ALUBRISUR;BARRIO EL CENTRO CALLE PRINCIPAL MONJARAS;CHOLUTECA;CHOLUTECA;3
398;F;BAIRON BENITO FLORES CORTEZ;;CORTES;san pedro sula;2
399;F;REPUESTOS CERNA;CO LEMPIRA CARRETERA TOCOA CONT LIBANO INDUSTRIAL;YORO;OLANCHITO;9
400;F;AUTO REPUESTOS EL REY;11 CALLE 3RA Y 4TA AVE  Bo concepcion comayaguela mdc;FRANCISCO MORAZAN;COMAYAGUELA;3
401;F;SERVICAR ALTIPLANO;Bo ZARAGOZA CARRETERA CA-5 SIGUATEPEQUE COMAYAGUA HONDURAS CA;COMAYAGUA;SIGUATEPEQUE;10
402;F;AUTO SERVICIO V Y M;LEPAERA LEMPIRA;LEMPIRA;LEPAERA;9
403;F;TALLER MEJIA;GUAYMACA FRANCISCO MORAZAN, OLANCHO;OLANCHO;GUAYMACA;3
404;F;GASOLINERA SAN JORGE;Bo EL PROGRESO SALIDA AL NEGRITO, MORAZAN, YORO;YORO;MORAZAN;10
405;F;TRIPLE A AUTO PARTES;;CORTES;SPS;10
406;F;AUTO REPUESTOS ANDOCAL;Bo EL CENTRO FTE A BILLARES PLATENSE CHOLOMA, CORTES HONDURAS C.A.;CORTES;CHOLOMA;10
407;F;COMERCIAL YADIRA;CALLE PRICIPAL BO SOR DIONISA, NACAHOME VALLE;VALLE;NACAHOME;3
408;F;TECNICENTRO POPULAR;Bo LA CEIBITA, FRENTE PARQUE EL CAMARON, CALLE PRINCIPAL, SAN LORENZO, VALLE;VALLE;LA CEIBITA;3
409;F;INVERSIONES VIDES;Bo EL CALVARIO 1 CUADRA AL ESTE DE LA IGLESIA CATOLICA DEL TRIUNFO 100 METROS AL ESTE;CHOLUTECA;TRIUNFO;3
410;F;LIESBETH CAROLINA RECARTE;;FRANCISCO MORAZAN;SIGUATEPEQUE;10
411;F;REPUESTOS LA FRONTERA;BARRIO EL CENTRO SALIDA A YAMARANGUILA LA ESPERANZA INTIBUCA;INTIBUCA;LA ESPERANZA;10
412;F;TORNICENTER;BARRIO LAS ACACIAS 11AVA CALLE 7MA AVE JUTICALPA OLANCHO;OLANCHO;JUTICALPA;3
413;F;RD AUTOPARTS S. DE R.L.;Bo LEMPIRA 3AVE 10-11 CALLE TEL 2516-1214 SAN PEDRO SULA HONDURAS C.A;CORTES;san pedro sula;10
414;J;INVERSIONES AUTO REPUESTOS MIRAFLORES;;COPAN;STA ROSA;9
415;F;TALLER Y AUTOREPUESTOS ARMANDO;COL INDEPENDENCIA 1/1 CUADRA DEL SEMAFORO BOULEVAR HACIA SAN MIGUEL;CORTES;VILLA NUEVA;10
416;F;AUTO ACCESORIOS Y REPUESTOS LINACA;1/2 CUADRA AL OESTE DEL INST LA ESPERANZA BARRIO LOS FUERTES CHOLUTECA HONDURAS;CHOLUTECA;CHOLUTECA;3
417;F;AUTO PARTES ANDERS;BARRIO EL CENTRO LEPAERA LEMPIRA;LEMPIRA;LEPAERA;9
418;F;AUTO REPUESTOS G & M;BARRIO VILLAS DEL ROSARIO, GRACIAS LEMPIRAS;LEMPIRA;Gracias Lempira;9
419;F;BENITO FLORES;;CORTEZ;san pedro sula;2
420;F;AUTO CENTER TODO EN REPUESTOS;Bo EL CASTAÑO A 3 CUADRAS AL NORTE DE SUPERMERCADO LA COLONIA, JUTICALPA OLANCHO;OLANCHO;JUTICALPA;3
421;F;TALLER Y AUTOREPUESTOS DAVID;Bo LA ENCANTADORA CALLE PRINCIPAL SALIDA A SPS;SANTA BARBARA;SANTA BARBARA;10
422;F;AUTO REPUESTOS BLESSING;NUEVA ANILLO PERIFERICO, FTE AL PUENTE;FRANCISCO MORAZAN;TEGUCIGALPA;3
423;F;DITRAUTO;2DA CALLE ENTRE 13 Y 14 AVE Bo SAN FERNANDO FRENTE A DIDEMO SALIDA;CORTES;SAN PRDRO SULA;10
424;F;TATO AUTO PARTES;TELA BARRIO EL CENTRO FRENTE AL ESTADIO;ATLANTIDA;TELA;3
425;F;ZONE AUTOPARTS;COL NUEVA SAN JUAN CALLE PRINCIPAL MASICA ATLANTIDA;ATLANTIDA;MASICA;10
426;J;TALLER Y AUTOREPUESTOS LLAMAZARES S. DE R.L. DE C.V.;SIGUATEPEQUE, COMAYAGUA, HONDURAS, C.A.;COMAYAGUA;SIGUATEPEQUE;10
427;F;JR AUTOMOTOR;CALLE PRICIPAL COL EL INVA COMAYAGUELA HONDURAS C.A.;COMAYAGUA;COMAYAGUA;10
428;F;REPUESTOS ROMASA;COL.SANTA FE 8 Y 11 AVE N.27 FRENTE A TALLERES MOTIñO A LA PAR DE AUTO SUSPENSION TEGUCIGALPA;FRANCISCO MORAZAN;TEGUCIGALPA;3
429;F;JUAN RAMON VELASQUEZ;;CORTES;SPS;10
430;J;INVERSIONES ALARCON S DE RL DE CV;COL PRADO ALTO 17 Y 20 CALLE 10 AVE SPS CORTEZ HONDURAS;CORTES;SPS;10
431;F;AUTO SERVICIOS PINEDA;ALDEA MONTE NEGRO DESPUES DE LOS TOMULOS, DESPUES DE PULPERIA SOLIS;ATLANTIDA;MASICA;10
432;F;AUTO SERVICIOS OLGUITA;COL BELLA VISTA, CALLE PRINCIPAL AZACUALPA SANTA BARBARA;SANTA BARBARA;AZACUALPA;9
433;F;AUTO REPUESTOS TURCIOS;Bo STA CRUZ 2DA CUADRA AL SUR DE ESCUELA TIBURCIO CARIAS, JESUS DE OTORO, INTIBUCA;INTIBUCA;JESUS DE OTORO;10
435;J;TALLER DELGADO Y MAS;FRENTE A MASESA;COLON;BONITO ORIENTAL;9
436;F;AUTOREPUESTOS GIBBOR;Bo EL MIRADOR, SALIDA A SAN PEDRO SULA, 2CUADRA ANTES DE RADIO LA MEGA, STA BARBARA, S.B;SANTA BARBARA;SANTA BARBARA;10
437;F;AUTOREPUESTOS GIBBOR;Bo EL MIRADOR, SALIDA A SANPEDRO SULA, 2 CUADRAS ANTES DE RADIO LA MEGA, SANTA BARBARA SB;SANTA BARBARA;SANTA BARBARA;10
438;F;AUTO PARTES FERNANDO S. DE R.L.;10 CALLE ENTRE 3 Y 4 AVENIDAS, COMAYAGUELA MDC HONDURAS C.A.;FRANCISCO MORAZAN;COMAYAGUELA;3
439;J;INVERSIONES AUTO SUR S.R.L DE C.V;BARRIO GUADALUPE AVE PAULINO VALLADARES 1/2 CUADRA AL SUR EDIFICIO  BELLA VISTA;CHOLUTECA;CHOLUTECA;3
440;F;PREMIUN AUTO PARTS;;FRANCISCO MORAZAN;TEGUCIGALPA;3
441;F;LUBRICANTES ROSALES;BARRIO EL CARMEN, CALLE GABRIELA NUÑEZ CONTIGUO A PIZZERIA CANTONES LOCAL AMARILLO;COMAYAGUA;SIGUATEPEQUE;10
442;F;RINAU(REPUESTOS INDUSTRIALES Y AUTOMOTRICES);BARRIO SAN MIGUEL AVE FRANCISCO MORAZAN 1/2 CUADRA DEBAJO DE POLICLINA MUNGUIA;COMAYAGUA;SIGUATEPEQUE;10
443;J;AUTO REPUESTOS HERNANDEZ;SAN JUAN, ATLANTIDA;ATLANTIDA;SA JUAN;10
444;F;AUTO REPUESTOS HERNANDEZ;COL NUEVO SAN JUAN CA-13 FTE MISCELANIAS WENDY;ATLANTIDA;LA MASICA;10
445;J;SERPAZ S. DE R.L. DE C.V.;BARRIO LEMPIRA 11 CALLE 3 Y 4 CALLE;CORTES;SPS;10
446;J;REPUESTOS VILLEDA;SAN JUAN PUEBLO;ATLANTIDA;SAN JUAN P.;10
447;F;JAVIER VILLEDA;LA CEIBA;ATLANTIDA;LA CEIBA;2
448;F;LA PLANETA;AVENIDA SAN ISIDRO CONTIGUO A MOLINEROS CLASIC 1 FRENTE A PLAZA LAS AMERICAS;ATLANTIDA;LA CEIBA;2
449;F;MEGA ACCESORIOS S.DE R.L.;BARRIO PAZ BARAHONA;CORTES;SAN PEDRO SULA;10
450;J;AUTO PARTES ANDERSON;LEPAERA LEMPIRA;LEMPIRA;LEPAERA;9
451;F;COMERCIAL RAUDALES;BARRIO LAS ACACIAS TAULABE COMAYAGUA;COMAYAGUA;TAULABE;10
452;F;AUTO REPUESTOS ALFA;BARRIO EL TAMARINDO ENTRADA PRINCIPAL A CHOLUTECA FRENTE A TIENDA LA MEXICANA;CHOLUTECA;CHOLUTECA;3
453;F;AUTO REPUESTOS O Y M;BARRIO PORVENIR BULEVAR EL MALL;OLANCHO;CATACAMAS;3
454;F;REPUESTOS NUEVOS Y USADOS MANANTIAL;CALLE PRINCIPAL FRENTE A LA ROTONDA A GASOLINERA PUMA DEL CENTRO SAN LORENZO VALLE;VALLE;SAN LORENZO;3
